word,category,sentence
カーカー,sound,鳴き声は 「 カーカー 」 と 澄ん で おり 、 ここ でも ハシボソガラス （ 少々 濁る ） と 判別 できる 。
ガーガー,sound,メス の 鳴き声 は マガモ の よう に 「 ガーガー 」 で ある 。
ギャーギャー,sound,ドラマ や 映画 など 演技 の 上 で は 、 落ち着い た 感じ で 実際 の 年齢 より 大人び た 印象 を 受ける が 、 普段 は 「 ギャーギャー 騒い だり し て い ます 」 と 本人 が 雑誌 の インタビュー など で 語っ て いる 。
グーグー,sound,人工 的 に 珪砂 を 洗浄 し 続ける と 沸騰 する よう に 水 は 熱く なり 容器 内 で グーグー と 鳴り 始める 。
ゲラゲラ,sound,そして ゲラゲラ 笑う の です 。
ゲロゲロ,sound,"例 として 、 ペット の フリッツ の 体 色 を 決定 する こと を 目標 と し 、 鳴く こと （ 訳注 : "" croak "" は ガーガー 、 ゲロゲロ 鳴く こと ） と ハエ を 食べる こと を 事実 と する 。"
ゴシゴシ,sound,洗顔 や スキン ケア 、 マッサージ など で 顔 を ゴシゴシ し ない よう に 注意 し た ほう が よい 。
ザーザー,sound,ウェザーニューズ の 携帯 電話 向け 気象 情報 サービス の 利用 者 から 募集 さ れ た 参加 者 が 、 屋外 に 置い た ビーカー 、 計量 カップ 等 を 使っ て 毎日 の 降水 量 を 観測 し て その 結果 を 同社 携帯 サイト を通じて 報告 し 、 あわせ て 、 リトマス試験紙 による 酸性 度 の 測定 結果 の 報告 や 、 体感 し た 雨 の 降り 方 （ ザーザー 、 シトシト など ） や 降雨 の 生活 行動 へ の 影響 （ レインコート の 要 否 など ） について の 電子 メール による アンケート へ の 回答 を 行う こと により 、 全国 規模 で 雨 の 状況 が 多角 的 に 把握 さ れる という もの で ある 。0
ざわざわ,sound,しばしば 倍音 を 補う ため に アルピコルドゥム という 金属 片 によって ざわざわ し た 音 を 付加 する 装置 が テノール から バス の 音域 に 付け られる 。
モー,sound,鳴き声 は 牛 に やや 似 た 声 で 「 モー 」 と 鳴く 。
ウー,sound,ウー と 、 ゴモラ の 戦闘 中 に バル タン の 鳴く 声 が 流れる 。
チリンチリン,sound,チリンチリン と 短い 音 が する 。
チクタク,sound,「 チクタク 」 と 聞こえる 時計 の 音 は 、 アンクル の ツメ が 雁木 車 に 掛かる 際 の 衝撃 音 で ある 。
ドカン,sound,大砲 の 砲 口 部 を 模 し た 筒 状 で 、 手 に はめ て 「 ドカン 」 と 言う と 空気 の 衝撃波 が 発射 さ れる 。
バシャバシャ,sound,エバンス の 泳ぎ は 、 腕 を まっすぐ に し て 風車 の よう に ぐるぐる 回し 、 水しぶき を バシャバシャ と 立てる 、 当時 の 正統 と は 程遠い 独特 の 泳ぎ で 、 モーター 泳法 と も 言わ れ た 。
ピッ,sound,「 チッ 」 「 ピッ 」 と 鳴く 。
ニャーニャー,sound,シャーリー は 深夜 の 大使館 の 庭 で 、 捨て られ た 子猫 が 哀れ っぽく ニャーニャー なく 声 を 聞い た 。
ブーブー,sound,ブーブー と ラッパ の よう な 音 が する こと から ラッパ と 称さ れる 。
わんわん,sound,杉田 に 「 お前 みたい な 奴 は 俺 の 列 機 に はいら ん 、 卑怯 者 、 そんなに 怖かっ たら 搭乗 員 やめろ 」 と 叱ら れ た ため 、 笠井 は どうして いい か わから ず 、 わんわん 泣い て 謝っ た と いう 。
ピンポン,sound,ピンポン ダッシュ と は 、 他人 の 家屋 の 呼び鈴 を 鳴らし て 逃げる いたずら で ある 。
パカパカ,sound,その ため 、 平ら で 固い 道路 を 歩く とき に パカパカ という 音 が 出る の で ある 。
ピーピー,sound,全長 1 メートル で 、 「 ピーピー 」 と 鳴く 。
パチパチ,sound,木 米 は 釜 の 温度 を 釜 の 中 の 燃える 火 から 発せ られる パチパチ という 音 で 判断 し て い た 。
ポキポキ,sound,関節 の 部位 によって 、 首 ポキ 、 指 ポキ 、 顎 ポキ など と 表現 さ れる こと が 多く 、 ポ キッ 、 ポキポキ 、 コキコキ 、 など 様々 な 擬音 語 で 表現 さ れる 。
プッ,sound,普段 の 鳴き声 は 「 プッ 、 プッ 」 と 電子 音 を 思わ せる 声 で ある 。
プチプチ,sound,また 、 オート レンジ 機能 により 流れる 電流 が 変化 する ため 、 スピーカー など に テスト リード を 当てる と レンジ の 切り替え に ともなっ て プチプチ という 音 が 聞こえる 。
コン,sound,身近 な 例 として は 、 全 自動 洗濯 機 や 食器 洗 機 など の 動作 中 に 行わ れる 給水 弁 の 自動 開閉 で 発生 する コン という 音 が この 作用 による もの で ある 。
カチッ,sound,おもり （ 固定 錘 ） が つい た 振り子 の 腕 が 左右 に 振れる 都度 、 「 カチッ 」 という 音 が 出る よう に なっ て おり 、 この 音 によって 演奏 の テンポ を 合わせる 。
コンコン,sound,見た目 は とても 醜い が 、 ノッカー の よう に 「 コンコン 」 と 岩盤 を 叩く 音 を たて 、 鉱夫 達 に 良質 の 鉱脈 を 知らせ て くれる と いう 。
カタカタ,sound,ヨシキリ 属 に 典型 的 な 、 ゆっくり と カタカタ いう よう な 声 で 鳴く 。
ガタガタ,sound,高架 開通 まで の 西 塩釜 - 本 塩釜 は 単線 で 、 簡易 な 鉄橋 を ガタガタ 音 を 立て て 渡る 姿 が 見 られ た 。
ガシャガシャ,sound,会見 は 20 分 で 終わり ます から 」 と 述べ 、 鳴り響く シャッター 音 に対して は 「 ガシャガシャ 音 が うるさく て 話せ ない 。
グツグツ,sound,この 作品 について Allmusic は 「 グツグツ し た 釜 の よう な 音 」 と 称し 、 カナダ の 音楽 雑誌 Exclaim ! は 「 非常 に 攻撃 的 、 かつ メロディアス 」 だ と 述べ 、 また 音 や アート ワーク など に ジャズ から の 影響 について も 指摘 し た 。
シューシュー,sound,この 番組 の BGM の 多く が 『 シューシュー 言う 音 や ギシギシ いう 音 』 に 満ち て いる 理由 について 、 ウォード は 番組 の メイン 作曲 家 で ある ケイシー・ベイシッチス が アパート の 一室 に 海賊 船 を 建て その 中 に 住ん で おり 海賊 船 の 床板 の 軋み といった 様々 な 音 に 囲ま れ て 過ごし て いる から で ある と 話し て いる 。
ギシギシ,sound,ギシギシ と 音 を 立て 、 咬頭 に 異常 な 力 が 働く ので 、 歯 質 の 崩壊 を 招き やすい 。
バキバキ,sound,初め は それほど で も なかっ た が 、 時間 が 経過 する につれて 、 はっきり と し た 痛み を 感じる よう に なり 、 やがて 膝 から バキバキ と はっきり し た 音 が 聞こえ て くる よう に なっ た 。
トントン,sound,トントン の 音 が 10 回 （ 小池 時代 末期 は 6 回 ） 鳴っ た 後 に 不 正解 の ブザー が 鳴る 。
コツコツ,sound,死者 と の 交信 が コツコツ ・ トントン という モールス 信号 の よう な 音 で 行わ れ た こと が そうした 事情 を 物語っ て いる と いう 。
ヒュー,sound,{ quotation | 黄 緑 で 扇形 の それ 〔 ＝ オーロラ 〕 が 上空 で 天頂 から 下向き に 波打ち 、 それ と 同時に 我々 2 人 とも が 非常 に 興味深い かすか な ヒュー という 音 に 気づい た 。
ゴロゴロ,sound,繁殖 期 の 間 、 とどろく よう な 鳴き声 や シュー という 鳴き声 、 もしくは ゴロゴロ と いう よう な 鳴き声 を 発する 。
バサバサ,sound,普段 は 山奥 の 竹薮 に 棲ん で おり 、 人前 に 姿 を 現さ す こと は 滅多に ない が 、 深夜 に は 時おり 人 の 住む 村 に 現れ 、 羽 を はばたか せ て バサバサ と 不気味 な 音 を たてる 。
ゴリゴリ,sound,雑音 に は 、 ゴリゴリ という 低い 音 の crepitus と 、 カク ン という 弾 撥音 で ある clicking と が ある 。
ボコボコ,sound,足跡 は 上下 に 逆さ ハート が ある 形状 で あり 、 歩く と ボコボコ と 可愛い 足音 が 鳴る 。
ガリガリ,sound,シマノ で は 「 無理 に 走ら せる と 、 ガリガリ と すごい 音 が する ので 泥棒 も 持っ て 行け ない 。 」 という よう な コピー で 宣伝 を し て い た が 、 あくまで 手元 で 簡単 に 簡易 的 な 施錠 が できる という もの で あり 、 ある 方法 で 容易 に 無効 化 さ せる こと も 可能 で ある ため 、 後 輪 錠 や チェーン の 併用 は 欠か せ ない 。
ガチガチ,sound,侵入 者 に対して は 非常 に 防御 的 で 、 尾 を 叩きつけ たり 、 歯 を ガチガチ 鳴らし たり 、 匂い で 縄張り に 印 を つける など の 威嚇 行動 で 彼ら を 警告 し て 遠ざける 。
うろうろ,movement,テロリスト の 怖い の が 平気 で 日本 を うろうろ し て いる 。
キョロキョロ,movement,常 同 行為 が 見 られ 、 不自然 な 筋肉 の 緊張 、 キョロキョロ と 落ち着き の 無い 動作 を 示す こと が 多い 。
きびきび,movement,動き が 俊敏 で 、 元 ヤクルト の 古田 敦 也 の 様 な きびきび と し た 動作 で 、 チーム を 引っ張っ た 。
グイグイ,movement,当時 は 速球 で グイグイ 押す 強気 な 投球 が 身上 で 、 西本 幸雄 監督 が 「 投手 で 一番 大切 な の は コントロール や 」 と 言っ て も 「 いえ 、 ストレート に 力 が あれ ば ど 真ん中 でも 打た れ ませ ん 」 と 反発 し た 。
ぐるぐる,movement,両脚 で 細かい ステップ を 踏み ながら 両手 を ぐるぐる 回し 、 最後 に 左手 で 股間 を 抑え 右手 で 前方 または 天 を 指さす の が スタンダード 。
くるくる,movement,この 癖 を 矯正 する こと で レース で 我慢 する こと を 覚え させ られる の で は ない か と 、 馬 房 に 畳 を 吊す こと が 試み られ た が 、 体 の 柔らかい サイレンススズカ は 狭い スペース で も 以前 と 同様 に くるくる と 回り 続け た 。
コロコロ,movement,その後 、 場内 を 1 周 し て いる 途中 に 香川 真司 に 8 番 の ユニフォーム を 渡し 、 グラウンド で 現役 生活 最後 の ゴール を 狙い に いく が 、 シュート が 外れ たり 、 クロスバー に 嫌わ れ たり する など 、 4 本 シュート を 打っ て 結局 入っ た ゴール は 、 コロコロ と 転がる ボール を ゴール し た だけ だっ た 。
ジタバタ,movement,実力 の ない 者 が 、 無闇 に くやし がっ たり ジタバタ と する こと の たとえ で ある 。
ずんずん,movement,今度 は あの 方 も 遠慮 せ ず に 、 ずんずん と 上がっ て き て 、 そこ い ら に 散らばっ て い た 物 を 自分 で 取り集め られ 出し 、 それ を 車 の 中 へ みんな 入れ させ た 。
ぞろぞろ,movement,サムイル は 逃れ た ものの 、 バシレイオス 2 世 が 送っ て き た 両目 を 潰さ れ た 1 万 4 千 人 も の ブルガリア 人 捕虜 が ぞろぞろ やってくる の を 見 て 卒倒 し 、 2 日 後 の 1014 年 10 月 6 日 に 死亡 し た 。
ちょこちょこ,movement,第 1 主題 は 弦楽 による 、 ちょこちょこ し た ピアノ 的 な 動き が 特徴 。
つかつか,movement,宇宙船 から 一 人 の 宇宙 人 が 降り 、 アーサー の 方 へ と つかつか と 歩い て 来 て 言っ た 。
とことこ,movement,オス は 歩き回り ながら 良く 鳴き 、 時には 地面 を とことこ 歩き ながら 鳴い て いる 。
とぼとぼ,movement,二 人 は とぼとぼ その 場 から 去っ て いっ た 。
ニョロニョロ,movement,現代 で は 一般 的 に ヘビ の 容姿 は 見 た 限り 四肢 が なく 、 ニョロニョロ と 動い たり トグロ を 巻い て いる 様子 が 「 気持ち 悪い 」 という 印象 を 与え やすく 、 嫌悪 の 対象 に なる こと が 多い 。
のそのそ,movement,四肢 が 比較的 短く 、 肥大 し た 体 を のそのそ と 運ぶ 。
のこのこ,movement,この あと 、 稲垣 や 山中 貞雄 の 真面目 な 作品 に まで 、 「 わし ゃ マスコット じゃ から 出し て もらい ます よ 」 と 言っ て のこのこ 勝手 に 出る よう に なっ た 。
ノッシノッシ,movement,普段 は ノッシノッシ と ゆっくり 歩く 。
のろのろ,movement,すると 地面 の 模様 の 中心 に 向かっ て のろのろ と 歩き 出し た 。
ひょこひょこ,movement,いつも ユーモラス に ひょこひょこ と 歩く 。
ピョコピョコ,movement,風速 が 数 メートル 程度 に なる と 、 波頭 （ なみ が しら 、 波 の 頂上 部分 ） の 水 が 風 に 飛ばさ れ 、 視野 を 広く 見る と 海面 全体 に 白い 部分 が チラチラ 、 ピョコピョコ と 動い て いる よう に 見え 始める 。
ぴょんぴょん,movement,hop - searching '（ ぴょんぴょん と 跳び 回り ながら 探 餌 する 方法 の 意 ） と 定義 さ れる 彼ら の 採 餌 方法 は 、 地上 や 2 m 以下 の 灌木 の 中 で 行わ れる 。
ふらふら,movement,命名 の 由来 は 南海 の ハワイキャンプ 時 に 、 O 脚 の 鳩 が ふらふら 歩い て いる の を 見 て 、 選手 の 誰か が 「 大沢 に そっくり や 」 と 言っ た 事 に よる 。
ぶらぶら,movement,「 先日 、 友人 と 同道 し て 郊外 を 散策 し た 」 という よう な 漢語 の 多い 文章 と 、 「 この間 、 友だち と 連れ だって 町はずれ を ぶらぶら 歩い た 」 という よう な 和語 の 多い 文章 と を 、 適宜 混ぜ合わ せ 、 あるいは 使い分け ながら 文章 を 綴っ て いる 。
スタスタ,movement,右中間 や 左中間 に 打ち返し て 『 よし 、 長打 だ !』 と 走り出す と 、 中 が 何事 も なく 捕 球 し て スタスタ 帰っ て くる 。
よちよち,movement,地上 で は 他 の ペンギン の よう に よちよち と 歩か ず 、 （ スズメ の よう に ） 両足 を 揃え て 飛び跳ね ながら 移動 する 。
ゆらゆら,movement,多く は 水底 周辺 を ゆらゆら と 泳ぎ 、 それほど 活発 で は ない 。
うろちょろ,movement,解り やすく 言う と 「 依頼 者 の 目 の 前 を うろちょろ し ない 」 です 。
バタバタ,movement,足 を バタバタ 、 バタバタ やっ て 、 実に うまかっ た ん だ 、 これ が 。
パタパタ,movement,泳ぐ 際 は 長い 体 を くねら せ ながら 、 胸 びれ を パタパタ と はばたか せ て ゆっくり と 泳ぐ 。
ひらひら,movement,逆 に 稚魚 期 に は ひらひら と 揺れる 外 鰓 が 他 の 個体 の 興味 を 惹く ため に かじら れる こと が ある 。
ずるずる,movement,ただし 、 ごく まれ に 、 常時 ずるずる と 滑り つづけ （ 「 安定 すべり 」 という ） 、 大きな 地震 を 起こさ ない 活 断層 も ある 。
ピクピク,movement,マツ の 場合 も 「 お とこ おんな の マツコ !」 と 呼ば れる と 鼻 が ピクピク 動き 戦闘 能力 が 上がる 。
ヒクヒク,movement,反面 、 リング 上 で 倒れ 、 手足 を ヒクヒク さ せる など する と 笑い が 飛ぶ 。
ぐらぐら,movement,砥石 は ぐらぐら し ない よう しっかり 固定 し 、 角度 を 一定 に し て 砥 ぐ
ノタノタ,movement,本来 両機 は 作中 で は かなり 俊敏 な 動き を する 機体 だ が 、 その 一方 で エプロン から 滑走 路 に 移動 中 や 飛行 中 に ノタノタ し た 感じ で の 描か れ 方 を さ れる こと が 多かっ た 機体 で も ある 。
クネクネ,movement,藤井 と は 対照 的 に ライブ で は 所 せまし と 動き回り 、 扇子 を 持っ て は クネクネ し た ダンス を 踊り 、 ライブ で は キーボード と ダンサー を 兼ねる 。
すいすい,movement,かくして 小 魚 たち は マグロ を 追い払い 、 岩 陰 に 隠れる こと なく 海 を すいすい 泳げる よう に なっ た の で あっ た 。
ビュンビュン,movement,ビュンビュン 飛ばし て い た ところ 、 交差点 の 直前 で 信号 が 赤 だっ た こと に 気がつき 、 恐怖 を ともなっ た 驚き を 感じる 。
チョロチョロ,movement,名前 の 由来 は チョロチョロ 走る キュート （ 綴り は cute だ が 、 語調 ([ kju : t ]) から Q に 引っ掛け ） な 車 から 来 て いる 。
ダラダラ,movement,その 際 もう 一方 が 不平 不満 や コーナー の 穴 を ダラダラ 述べる 。
うようよ,movement,島 に は 巨鳥 ロク が い て 、 その 足 に 自分 自身 を 結びつけ て 脱出 する が 、 つい た 先 は ダイアモンド 鉱石 で 構成 さ れ た 峻険 な 山 に 囲ま れ た 谷間 で 、 大蛇 が うようよ し て いる 。
ドタドタ,movement,例外 として 、 息子 で ある 田村 高 廣 が 、 旧制 京都 府立 第 三 中学 に 合格 し た 事 を 告げ に 担任 の 小学 教師 が 訪問 し た 際 、 二 階 から 浴衣 姿 の まま で ドタドタ と 階段 を 降り 、 玄関 先 に いる 教師 の 足下 で 「 せ 、 先生 ！ あ 、 ありがとう ござい まし た ！ 」 と 土下座 し て お礼 を 言っ た そう で ある 。
ふらり,movement,「 特殊 ビデオ 」 の 文字 に スケベ 心 を 刺激 さ れ た 山川 宗 洋 は ふらり と 立ち寄り 好み の 女の子 の ビデオ を 借り て いく 。
よろよろ,movement,流れ て 歩け 」 オールド マン は 肩 を 落とし て よろよろ と 歩き 馬 に 乗る 。
ぐんぐん,movement,また 重力 の コントロール により 、 上り 坂 で も ぐんぐん 登る こと が できる 。
そろそろ,movement,まず これ を 頭 に かぶり 、 「 ダルマ さん が 転ん だ 」 の 要領 で 、 誰 か の 背後 に そろそろ と 忍び 寄れる 道具 。
ちょこまか,movement,なお 、 古い 映画 において コマ 落とし に 似 た よう な ちょこまか と し た 動き に なる こと が ある が 、 映写 速度 ( 再生 速度 ) が 誤っ て いる ため で あり 、 本来 の コマ 数 で 映写 すれ ば 違和感 の ない 映写 が 可能 と なる 。
ニョキニョキ,movement,「 は くさい ・ しいたけ ・ に 〜 ん じん ♪」 の CM とともに 、 野菜 が ニョキニョキ 生え て き て 踊る 特殊 撮影 で お 馴染み の CM は 「 塩 ら ー めん 」 発売 当初 から 長期 にわたって 放映 さ れ た 。
するする,movement,蛇 使い を 思わ せる かご に 長い 紐 が 入っ て おり 、 笛 を 吹く と 紐 が するする と 伸びる 。 35
ひらり,movement,無論 この よう な こと に なっ た の は 、 部分 的 に で あれ 全体 的 に で あれ 、 「 ジダーノフ 批判 」 の よう な 攻撃 を ひらり と かわす 必要 が あっ た から で あろ う 。
じろじろ,movement,彼 の よく 知ら れ た 寸言 に ｢ 街 を 歩い て い て 、 人 から あまり じろじろ と 見 られ て いる とき は 、 君 の 服装 は 凝り すぎ て いる の だ ｣ という の が ある 。
ギョロギョロ,movement,作曲 を 担当 し た 伊福部 昭 は 、 「 魔神 と いっ て も 神様 です から 、 神々しい イメージ で い た ところ 、 映像 を 見 たら 、 青黒い 顔 に 血走っ た 目玉 が ギョロギョロ 動い て 睨みつける という もの だっ た ので 、 さあ これ は えらい こと に なっ た と 、 驚き ながら 作曲 し まし た 」 と 語っ て いる 。
ピタリ,movement,当日 は 午前 中 から あいにく の 雨 模様 だっ た が 、 ライブ 開始 直前 に 雨 は ピタリ と 止ん だ 。
パタン,movement,よく 折れ ば 覗か なく なる けれども 、 開い て 手 を 離せ ば パタン と 閉じ て 、 使い 易く は ない 。
カサカサ,texture,この 日 は 土俵 の 土 が 非常 に 乾い て おり 、 表面 が カサカサ に なっ て ヒビ 割れ た ところ に 谷地 が 落ち た ため 崩れ た らしい 。
ガサガサ,texture,黒く 表面 が ガサガサ の 腫 瘤 （ 出来物 ） 。
かちかち,texture,当時 の ゴム 製品 は 温度 に 影響 さ れ やすく 、 冬 は 低温 で かちかち に 固まり 、 夏 は 熱 で べたべた に 溶け て しまう 性質 が あっ た 。
コチコチ,texture,今 と ちがっ て 、 天子 さま の 第 二 皇子 と いえ ば 、 それ こそ 雲の上 の 人 、 町長 も 署長 で も 緊張 し て コチコチ に 固く なっ て い た もの だ 。
コチンコチン,texture,やがて 一時 審査 で ある 書類 選考 に 通り 、 二 次 審査 で ある 面接 は 築地 の 松竹 本社 にて 行わ れ た 、 栄治 は 紺 の スーツ に 赤い ネクタイ 姿 で 臨む が 緊張 の あまり すっかり コチンコチン に なっ て しまい 、 審査 員 に対して ぎこち なく ぶっ きら 棒 な 受け答え を し て しまう 、 だが 、 それ が かえって 学生 っぽく 素朴 な 印象 を 与え 、 実に 応募 総数 6 千 人 （ 厳密 に は 6300 人 ） の 中 から 選ば れる こと と なっ た 。
ごつごつ,texture,遠近 法 を 駆使 し た 厳格 な 画面 構成 、 ごつごつ し た 硬質 な 線描 、 彫刻 的 な 人体 把握 など 、 イタリア ・ ルネサンス の 画家 たち の なか でも 異色 の 作風 を 示す 。
ごわごわ,texture,葉 身 は 楕円 形 で 艶 が 強く 、 さほど 厚く は ない が 、 革質 で ごわごわ し て おり 、 何となく 波打っ て いる こと が 多い 。
ギトギト,texture,これ を 期 に 、 ボーカル 陣 と の 衣装 の 格差 に 疑問 を 感じ た 楽器 演奏 陣 が （ 遊び で ） 「 ゴキブリ → アブラ で ギトギト し て いる 」 と の 理由 で 『 サニー 徳永 と ジ・アブラーズ 』 と 名乗っ た 。
グショグショ,texture,途中 で 足 の 爪 が はがれ 、 シューズ の 中 が 血 で グショグショ に なる ほど 悲惨 な 有様 だっ た が 、 幸 か 不幸 か 爪 の 痛み の お陰 で 覚醒 し 、 気絶 する こと なく 計 120 km を 15 時間 かけ て 走り抜き 、 14 kg の 減量 に 成功 。
ぐちゃぐちゃ,texture,しかし 大雨 で ぐちゃぐちゃ に なっ た ピムリコ 競馬 場 の 馬場 は リヴァリッジ に 味方 せ ず 、 別 路線 から 来 た 単勝 20 倍 の 伏兵 ビービービー に ゴール は 掻 っ 攫わ れ た 。
ぐにゃぐにゃ,texture,柔 法 徹 化 拳 の 技 は 「 型 」 に とらわれ ず 、 ぐにゃぐにゃ の 身体 と 感性 を 基本 と し た 指 １ 本 １ 本 から 全身 に 至る まで を 使用 する 身体 用法 が 特徴 で ある 。
サクサク,texture,果肉 は 雪白 色 に 近く 、 サクサク と し た 心地よい 歯 触り で 果汁 も 多い 。
ザクザク,texture,バニラ アイス の 全面 を 厚め の チョコレート と パフ で コーディング し て おり 、 どこ から 食べ て も ザクザク し た 食 感 が 楽しめる の が 特徴 。
さらさら,texture,さらさら と し た 白い 砂 が 特徴 的 な 白 良 浜 （ しら ら はま ） 海水浴 場 は 、 夏 に なる と 近畿 一 円 から の 海水浴 客 が 訪れる こと で も 知ら れ て いる 。
しっとり,texture,この ため 表面 に 水分 が 保持 さ れ 、 しっとり と し た 感触 を もつ 。
シャリシャリ,texture,果皮 も 熟し た もの は とても 甘く 、 シャリシャリ し て 砂糖 粒 の よう な 食 感 が ある 。
ジャリジャリ,texture,食 感 も ジャリジャリ と し た 感じ に なる 。
しんなり,texture,麺 は 縮れ た 蒸し 麺 で は なく 茹で た ストレート の 角 麺 を 使い 、 柔らかく しんなり と し た 出来上がり に なる 。
すべすべ,texture,柔らかく ヌルヌル すべすべ と し た 肌触り 。
つるつる,texture,美肌 に 効果 が ある 重曹 泉 で 、 入浴 し た 後 に つるつる 感 が ある 。
トロトロ,texture,トロトロ と し た 濃厚 な カレー ルー が 特徴 。
ニチャニチャ,texture,団子 を 噛む と 生煮え の 生地 が 歯 に ニチャニチャ と こびり付き 、 原料 粉 の 品質 の 悪 さ も 手伝っ て 非常 に 不味かっ た そう で ある 。
ぬめぬめ,texture,全身 が ぬめぬめ と し た 粘液 で 覆わ れ て おり 、 これ は 外敵 の 攻撃 を 滑ら せ て 受け流す 効果 が ある 。
ぬるぬる,texture,鱗 が なく 、 体 表 は ぬるぬる と し た 粘液 で 覆わ れ て いる 。
ねばねば,texture,孵化 シーン で 漂う 煙 に は 煙草 が 使わ れ 、 幼体 バルゴン を 覆う ねばねば し た 粘液 は 、 アメリカ 製 の 特注 素材 を 使っ て いる 。
パサパサ,texture,すなわち アミロース 含量 が 少ない お 米 は 加熱 時 に やわらかく モチ モチ し た 食 感 に なり 、 アミロース 含量 が 多い と パサパサ し た 食 感 に なる 。
ふかふか,texture,この 白い 部分 は ふかふか と し た 食 感 で あり 、 苦み や 渋み は ない 。
ふにゃふにゃ,texture,一般 制帽 と 似 て いる が 、 帽子 の 中 に 形状 を 保つ ため の ワイヤー が 入っ て い ない ため 、 ふにゃふにゃ し て いる 。
ベタベタ,texture,一級 酒 や 特級 酒 は 「 飲む の に は いい が 、 マッサージ の 時 に 患部 に 塗る と ベタベタ する から 」 という の が 理由 で ある 。
べとべと,texture,髪 は べとべと で 、 口 は 大きく 、 疲れはて た 四 十 代 に も 異常 に 元気 な 六 十 代 に も 見え て 年 齡 不詳 だっ た 。
ぶよぶよ,texture,ぶよぶよ し た 血 の 塊 の よう な もの で ある か 、 もしくは 生前 の まま で ある と さ れる こと が 多い 。
ざらざら,texture,厚め で ざらざら し た もの や 薄く て すべすべ し た もの など 、 鉛筆 画 や 水彩 画 といった 画風 に 応じ て 様々 な もの が 用い られる 。
つぶつぶ,texture,基本 味 以外 の 、 辛味 物質 、 アルコール 、 炭酸 飲料 など の 化学 的 刺激 や 、 温度 （ 熱 さ ・ 暖か さ ・ 冷た さ ） 、 舌触り （ つぶつぶ 感 、 柔らか さ 、 硬 さ 、 滑らか さ ） など の 物理 的 刺激 は 、 化学 的 受容 体 を 介する こと なく 直接 神経 を 刺激 し て 大脳皮質 味覚 野 に 伝達 さ れ 、 基本 味 と 合わせ て 総合 的 な 味覚 を 形成 する 。
ドロドロ,texture,その 内部 で は 一部 の 神経 、 呼吸 器 系 以外 の 組織 は ドロドロ に 溶解 し て いる 。
ぬらぬら,texture,一般 に は 、 タコ に 似 た 頭部 、 イカ の よう な 触 腕 を 無数 に 生やし た 顔 、 巨大 な 鉤爪 の ある 手足 、 ぬらぬら し た 鱗 に 覆わ れ た 山 の よう に 大きな ゴム 状 の 身体 、 背 に は コウモリ の よう な 細い 翼 を 持っ た 姿 を し て いる と さ れる 。
ふわふわ,texture,上手 に 焼く と 、 中 が ふわふわ で 表面 が カリカリ に なる 。
コリコリ,texture,これ が 風味 と いい コリコリ と し た 食 感 と いい 絶品 だ という 説 が 流布 し て いる 。
カリカリ,texture,そのまま の 状態 で は カリカリ という 食 感 が 楽しめ 、 また すり おろす と 芋 と 同様 の 強い 粘り が ある
ボロボロ,texture,ただし 、 この 新 素材 は 従来 品 より 劣化 が 激しく 、 数 年 で クッキー 菓子 の 様 に ボロボロ に 割れる という 現象 が 確認 さ れ て いる （ 2007 年 以降 発売 さ れ た ヘッツァー 駆逐 戦車 や JS - 2 重 戦車 など で は ベルト 式 と 部分 連結 式 の 双方 が 同 梱 さ れ て いる ） 。
プルプル,texture,黒っぽい 麺 と プルプル し た 食 感 、 サツマイモ 由来 の ほのか な 甘 さ が 特色 で 、 この 黒っぽい 色 は サツマイモ に 含ま れる 色素 による もの だ と いう 。
チクチク,texture,見た目 は 柔らか そう で ある が 実際 に は 硬い 藻 で あり 、 手 で 触れる と チクチク と し た 感触 が ある 。
むずむず,texture,この むずむず と し た 不快 感 や 痛み など の 不快 な 異常 感覚 ・ 身体 症状 が 下肢 や 腰 ・ 背中 ・ 腕 など に 出現 する ため 、 患者 は これ を 抑える ため 常に 脚 を 動かし たり 身体 を さすら なけれ ば なら ない 状況 に 追い立て られる 。
ヒリヒリ,texture,和名 の 由来 は 、 葉 の 縁 の 刺 に 触る と ヒリヒリ 痛む （ 古語 ： 疼 （ ひひ ら ） く ・ 疼 （ ひい ら ） ぐ ） こと から 。
ふわっと,texture,店名 で ある 和 ふ 庵 の 由来 は ふわっと し た 食 感 の 饅頭 を 和み ながら 食べ て 欲しい という 願い から 名づけ られ た 。
ホクホク,texture,デンプン が 多く ホクホク し た 食 感 が 得 られる が 、 煮 くずれ し やすい 。
キラキラ,visual,花 柄 、 キラキラ し た 光 を 表し た もの など 非常 に 多く の 種類 が あり 、 また 日々 新しい 柄 トーン が 各社 から 開発 さ れ て いる 。
ギラギラ,visual,目撃 者 の 多く は 、 モス マン を 一瞬 しか 見 て おら ず 、 モス マン の 顔 は あまり 詳細 まで 覚え て は い ない が 、 目 が ギラギラ と 赤く 輝き 、 目と 目 の 間隔 が 大きく 開い て いる こと だけ は 、 多く の 目撃 者 の 証言 が 一致 し て いる 。
ピカピカ,visual,渓谷 から 見上げる と ルートヴィヒ 館 の 修復 さ れ た 窓 が ピカピカ と 輝い て 見える 。
ぴかり,visual,この 踊り は 変り目 ごと に 懐 から 懐中 電灯 を 取り出し ピカリ と つける と ぼけ た 趣向 で 客 は 失笑 し 脚光 を 浴び た 。
きらり,visual,『 餓狼 SP 』 以降 は 戦闘 中 に 挑発 を 出す と 、 手拭い で 頭 を 拭き 、 拭い た 頭 が きらり と 光っ て 効果 音 が 流れる という 滑稽 な 一 面 を 見せる 。
ぼんやり,visual,南半球 で は 、 き ょしちょう 座 に ぼんやり と し た 雲 の よう に 見える 。
はっきり,visual,歴史 上 、 非常 に 明るく 肉眼 で も はっきり 見え 、 多く の 人 に 目撃 さ れ た よう な 彗星 は 大 彗星 と 呼ば れる こと が ある 。
くっきり,visual,ワトスン が 驚い た こと に 、 221 B の 部屋 の 窓 に は 、 ホームズ の シルエット が 室内 の 明かり で くっきり と 映し出さ れ て いる 。
どんより,visual,冬 の 日 は どんより と し た 天気 が 続く 。
チカチカ,visual,ドーナツ 状 に キラキラ と 光る ギザギザ し た ガラス 片 や 、 ノコギリ の ふち の よう な もの 、 あるいは ジグザグ 光線 の よう な 幾何 学 模様 が 稲妻 の よう に チカチカ し ながら 光 の 波 が 視界 の 隅 に 広がっ て いく 。
ちらちら,visual,三門 博 の 代名詞 的 作品 で 「 遠く ちらちら 灯り が ゆれる あれ は 言 問 こちら を みれ ば 」 の 歌い 出し （ 外題 付け ） で 知ら れる 。
ぱっちり,visual,暑い アフリカ 大陸 が 出自 で ある ため 、 大きな ぱっちり と し た 目 を し て いる 者 が 多い 。
ズラリ,visual,携帯 電話 に は 、 全国 の 研究 者 の 連絡 先 が ズラリ と 並ん で おり 、 全国 各地 の 漁師 町 に も ネットワーク は 及ん で いる 。
ぎっしり,visual,しかし 仮に 、 一定 の 空間 内 に 粒子 が すき間 なく ぎっしり 詰まっ て い た と する と 、 その 空間 の 内部 に ある 粒子 は 膨張 ・ 収縮 の 運動 を する こと が でき ない 。
びっしり,visual,これ は 、 満員 御礼 に なる よう に 客 が びっしり と 入る よう に と の 願い を 込め て 書か れる 。
みっしり,visual,ただし みっしり と 字 が つまっ て いる わけ で は なく 、 最初 の 行 は 3 字 、 最後 の 行 は 5 字 で 、 文字数 は 全部 で 24 字 と なる 。
ぎらり,visual,「 エクレール 」 と は 、 仏語 で 「 雷 ・ 稲妻 」 の 意味 で 、 この 名前 の 由来 に は いくつ か 説 が あり 、 焼い た 表面 に できる 割れ目 が 稲妻 に 似 て いる ため に 名付け られ た という 説 、 チョコレート や アイシング が ぎらり と 光る から という 説 、 中 の クリーム が 飛び出 たり 、 表面 の チョコレート が 溶け ない うち に 、 稲妻 の よう に 素早く 食べる べし という 説 、 さらに は 雷神 が 天空 を 駆け て いっ た とき に 落とし た 糞 という 説 など が ある 。
ギョロリ,visual,以降 、 痩せこけ た 頬 と ギョロリ と 目 の 光る 特異 な マスク が 特徴 的 で 、 演技 の 幅 が 広い 、 個性 的 な 名 脇役 として 活躍 し た 。
がっしり,visual,がっしり し た 体形 で 、 声 は 甲高く 、 話 好き で 機知 に 富み 、 多少 学者 ぶっ た ところ が あっ た と いわ れ て いる 。
すっきり,visual,また 、 プログラム を 書く 時 で は なく 読む 段 において は 、 表面 上 一見 すっきり と 見える の と は 裏腹 に 、 その 裏側 で スタック の 状態 が どう なっ て いる の か を 把握 し なけれ ば 、 デバッグ など が でき ない 。
パラパラ,visual,その ため 、 代用 書体 における 画面 表示 で は 文字 が パラパラ と 開い て 見え たり 、 逆 に 文字 間 が 接し て 見える など の 現象 が 生じる 。
すらり,visual,すらり と 背 が 高く 色気 の ある 二枚目 。
ガラン,visual,その 日 の 朝日新聞 夕刊 は 、 事 の 顛末 を 「 … ガラン と し た 首相 官邸 の 会見 室 で 、 首相 は モノ いわ ぬ 機械 に 向かっ て 一 人 で しゃべっ て い た 」 と 突き放す よう に 締めくくっ た 。
つやつや,visual,肌 の つやつや し た 様子 を 強調 し て 「 紅顔 の 美少年 」 という 形容 が 使わ れる こと も ある 。
スケスケ,visual,スケスケ の ガウン と 大和 本人 が 歌い ながら 入場 する 「 進み 続ける 限り 」 で ブレイク 中 。
ブカブカ,visual,また 水田 わさび 版 アニメ で は 、 デザイン と 対象 者 の 合わせ 方 が 不十分 な ため に ブカブカ の 服 に なっ て しまっ た 場面 も ある 。
スカスカ,visual,その ため 、 羽化 し て 活動 を 開始 し た ばかり の オサムシ の 成虫 は 体 は 十分 大きい もの の 体内 は スカスカ な 状態 で あり 、 卵巣 など も 未 発達 な 状態 に ある 。
テカテカ,visual,若い ころ から 髪 が 少なかっ た そう で 、 私 が 物心 つい た ころ に は ほとんど 丸坊主 、 頭 は テカテカ 光っ て い た 。2
だらり,visual,頭部 を だらり と 下げ 、 極端 で ない 程度 に 官能 的 な ポーズ を とっ て いる 。
メチャクチャ,visual,中学 時代 の 伊東 の 走り は アゴ は 上がる 、 肩 は 大きく ぶれる 、 腕 の 振り は メチャクチャ といった もの で あっ た 。
よれよれ,visual,破れ た 細い ジーンズ や 古 Tシャツ 、 革 ジャン 、 よれよれ の ジャケット など の ファッション も 若者 の 間 で 流行 し た 。
ショボショボ,visual,いつも は 眠 そう な 、 ショボショボ と し た 目 つき を し て いる が 事件 の 渦中 に あっ て 、 かつ 自身 が 強く 興味 を 持っ た こと に対して は 真剣 な 目 つき に 変わる 。
しわしわ,visual,いつも は 眠 そう な 、 ショボショボ と し た 目 つき を し て いる が 事件 の 渦中 に あっ て 、 かつ 自身 が 強く 興味 を 持っ た こと に対して は 真剣 な 目 つき に 変わる 。
ぽつぽつ,visual,双眼 鏡 で も 微 星 が ぽつぽつ みえる 。
イライラ,emotion,当時 、 アメリカ の 文化 的 ・ 言語 的 浸透 に イライラ し て い た 。
ウキウキ,emotion,CD ジャーナル は 、 「 テクノ ポップ の ビート 上 に 、 歌謡 テイスト の ハッピー な 歌 が 明るく 弾け 飛ん で いる 、 聴き 手 を 無条件 に ウキウキ と し た 気分 に する 作品 。 」 と 批評 し た 。
うじうじ,emotion,運動 音痴 で 何 も とり え が 無く 、 いつも うじうじ し て いる こと から 、 典型 的 な いじめ られ っ こ 。
おどおど,emotion,暗い 性格 で 、 いつも おどおど し て いる キャリー は いじめ っ子 たち にとって 格好 の 相手 で あっ た 。
オロオロ,emotion,「 天然 で おっとり 」 と いう より は 少し 鈍 な ところ が あり 、 いつも オロオロ し て いる 。
くよくよ,emotion,つまり 「 あの 時 、 赤い ボール を 拾っ て さえ いれ ば … 」 など と くよくよ 悩む こと は 意味 が ない の で ある 。
げんなり,emotion,家庭 で は 高圧 的 に 振る舞い 、 貧しい 環境 で 育っ た 自分 に対し 息子 の 環境 が いかに 恵まれ て いる か を 言い立て て 息子 を げんなり さ せ た 。
しょんぼり,emotion,酒場 で しょんぼり し て い た ドン に ジョニー は 励まし の 言葉 を かける が 、 ドン は 新しい パートナー を 見つけ た と 答え た 。
しんみり,emotion,慎 太郎 は 一瞬 表情 を 変え 、 「 やっぱり 兄弟 は 生まれ た 順 に 死ん で いく 方 が 良い よ ね 」 と しんみり と し た 口調 で 話し た 。
そわそわ,emotion,至時 と 暦法 の 話 を し て い て も 、 夕方 に なる と そわそわ し だし て 、 話 の 途中 で 席 を 立っ て 急い で 家 に 帰っ て い た 。
タジタジ,emotion,2 人 の 相変わらず 猛烈 な アタック に タジタジ に なり ながら も 、 やがて 結花 の 優し さ に 惹か れ て いく 優 介 。
ドキドキ,emotion,岩沢 は 、 ドキドキ し て いる 北川 に 比べ て かなり 軽く OK の 返事 を し た という （ 参照 ： WEST 21 ） 。
どぎまぎ,emotion,また 、 イヌ を 連れ た 女の子 に 一目 ぼれ し た とき は 、 ムク を 散歩 に 駆り出し て 会話 する も 終始 どぎまぎ し て い た 。
ニコニコ,emotion,実相寺 昭雄 は 仕事 で スタッフ と 円谷 の 自宅 を 訪問 する 度 に 鰻 を 御馳走 さ れ 、 「 僕 は カレーライス で 充分 な ん だ 」 と ニコニコ し て い た 姿 を 印象深い もの として 述懐 し て いる 。
ニタニタ,emotion,小五郎 は 、 想定 の 範囲 内 だっ た の か 、 岸 に 上がり 、 額 から 血 を 流し ながら も 、 ニタニタ 笑っ て い た と いう 。
ニヤニヤ,emotion,また 、 ビートたけし の 母 が 1999 年 に 亡くなっ た 際 に 葬儀 に 参列 し 、 ニヤニヤ 笑っ て い た ため 北野 家 の 遺族 達 を 激怒 さ せ た と 言う 。
びくびく,emotion,暇 な 時 だけ 過剰 に 干渉 する 母 に 苦しみ つつ 、 嫌わ れ まい と びくびく し て 暮らし た と 、 初めて 本音 で 話し 、 母 を 責める エヴァ 。
びっくり,emotion,この 7 人 姉妹 が 楽しく 踊っ て い た ところ 、 勇者 オーリーオーン （ オリオン 座 ） が やってき て 、 7 人 は びっくり し て 逃げ た 。
むしゃくしゃ,emotion,岡田 が ムシャクシャ し た 挙句 、 便所 で 浮かん だ の が 1975 年 に 映画 化 さ れ た 『 県警 対 組織 暴力 』 という 映画 の タイトル 。
ルンルン,emotion,その後 「 ルンルン 気分 で 撮れる 」 と の 意味 を 合わせ 、 正式 に 「 写ルンです 」 という 名前 に 決定 し た 。
わくわく,emotion,普通 なら 読ん で い て 楽しく 、 わくわく する もの だ が 、 この 本 は 常に 不運 と 不幸 だらけ 、 本 の 冒頭 で 作者 みずから 非常 に 不愉快 で 可哀想 な 物語 で ある と 語っ て いる
ハラハラ,emotion,問題 が 沢山 入り すぎ て い て ハラハラ し ます ね と 浦 谷 が 水 を 向ける と 、 監督 は 以下 の 通り 語っ た 。
ヒヤヒヤ,emotion,校長 から も 目 を 付け られ 、 校長 秘書 で ある 母親 の クレア は いつも ヒヤヒヤ し て いる 。
モヤモヤ,emotion,その 2 年 後 エキストラ として つい た 『 酔 拳 2 』 の 現場 で 彼 を 覚え て い た ジャッキー から 「 香港 に 住ん で いる の か ？ 」 と 声 を かけ られ 、 谷垣 の 心 に は モヤモヤ し た もの が 残っ た と いう 。
めそめそ,emotion,声楽 パート に対して も 咳きこん だり 、 いびき を かい たり 、 めそめそ し たり 、 笑っ たり 、 叫ん だり する こと が 歌う 以外 に 求め られ て いる 。
がっかり,emotion,ノ イス の 最も 幼い ころ の 記憶 は 、 卓球 で 父 に 勝ち 、 それ を 母 に 知らせ た ところ 「 パパ が あなた に 勝た せ て あげ た の よ 」 と 言わ れ て がっかり し た こと だ と いう 。
うっとり,emotion,フェルディナンド は うっとり と し 、 何でも 妃 の 願い事 を 聞い た と いう 。
ホッ,emotion,3 歳 チャンピオン な ん です から 正直 、 ホッ と し た という 気持ち です 。
ムッ,emotion,大友 に は ムッ と さ れ た と いう 。
ギョッ,emotion,ただし 、 上述 の 通り 相手 を ギョッ と さ せる 程 の 極め すなわち 力 の 集約 が なけれ ば なら ない 。
あたふた,emotion,パニック 状態 の 敵 は あたふた と 動き回っ たり その 場 で 立ち止まる だけ の 無防備 な 状態 と なり 、 通常 の 状態 で は ガード の 固い 敵 に も 効率 的 に ダメージ が 与え られる ほか 、 パニック 中 の 敵 は ダメージ を 与える たび に メダル か ルク を ドロップ する 。
くさくさ,emotion,1999 年 、 30 年 前 と 同じ よう に ニューヨーク で オーロラ が 観測 さ れ て い た 頃 、 ジョン （ ジェームズ ・ カヴィーゼル ） は 結婚 を 約束 し て 同棲 を し て い た 女性 が 意見 の 相違 から 家 を 出 て 行き 、 くさくさ し た 気分 で 近く の 野球 場 で ビール を 飲み 、 夜空 の オーロラ を 眺め て 亡くなっ た 父親 の 事 を 考え て い た 。
うんざり,emotion,伝統 的 記述 で は 、 老子 は 都市 生活 における モラル の 低下 に うんざり する よう に なり 、 王国 の 衰退 を 記し た と いう 。
ほろり,emotion,情熱 的 な 官能 描写 に 加え 、 ほろり と 心 に 響く 人間 模様 も 大切 に し 、 躰 も 心 も 濡れ させる 文章 が 特徴 的 。
ジーン,emotion,この マイク を 使っ て 何 か を 話す と 「 感動 周波 音波 」 なる もの が 出 て 、 聞い た 人 の 脳 を 揺さぶっ て どんな 内容 の 言葉 で も 相手 を ジーン と 感動 さ せる こと が できる 。
にんまり,emotion,彼 は 犬歯 を はじめ と し た 犬 の 歯並び を し て おら ず 、 人間 と 同じ 歯並び を し て いる の が 、 「 いたずら スヌーピー 」 の 作中 で にんまり 笑っ た 時 に 確認 できる （ かなり キレイ な 歯並び を し て いる ） 。
カンカン,emotion,これ に 気づい た 伯爵 は カンカン に なり 、 皆 を 呼び 集める 。
うずうず,emotion,たとえば 、 翻訳 学校 に 通う 方々 など は 、 翻訳 の 腕 を 試し たく て うずうず し て いる でしょ う し 、 そういう 方々 の 生活 は 存じ ない の です が 、 もしか し たら 、 結構 時間 を お もち かも 知れ ませ ん 。
メロメロ,emotion,中川 さん が メロメロ に なっ て いる のに 、 隣 に 座っ て いる 財務 官 が 、 涼しい 顔 を し て いる の は 異常 だ 、 と 。
ピリピリ,emotion,中三 の 沼田 茂之 の 高校 受験 を 控え 、 父 の 孝 助 、 母 の 千賀子 、 兄 の 慎一 たち まで 家中 が ピリピリ 。
くすくす,emotion,彼 は 洗練 さ れ た 人物 として で は なく 、 派手 な 装い で 登場 すれ ば その 悪 趣味 を 賓客 に くすくす と 笑わ れ 、 教養 人 を 装っ て 古典 の 知識 を 披露 すれ ば 間違い を 露呈 し て ばかり で ある など 、 むしろ 滑稽 さ を もっ た キャラクター として 描か れる 。
